{
  "portfolio": {
    "30d": {
      "percentiles": {
        "1": 73.55853674381235,
        "5": 81.28891248067211,
        "10": 85.63961995577728,
        "25": 93.61627056502903,
        "50": 103.53037573335736,
        "75": 113.7462045958384,
        "90": 124.11396588252032,
        "95": 130.81081492187658,
        "99": 144.3355472782826
      },
      "return_percentiles": {
        "1": -26.44146325618765,
        "5": -18.711087519327883,
        "10": -14.360380044222719,
        "25": -6.383729434970977,
        "50": 3.53037573335736,
        "75": 13.746204595838398,
        "90": 24.113965882520315,
        "95": 30.81081492187657,
        "99": 44.33554727828259
      },
      "max_dd_percentiles": {
        "1": -29.214271684358625,
        "5": -23.70070209334292,
        "10": -20.614053317565794,
        "25": -15.688981729074607,
        "50": -11.337165928649036,
        "75": -8.081097354336997,
        "90": -6.057702387390326,
        "95": -5.071743408721062,
        "99": -3.5508758556807045
      },
      "prob_profit": 59.63,
      "risk_of_ruin": 0.0,
      "var_95": 81.28891248067211,
      "cvar_95": 76.64784312336668,
      "mean_return": 4.387678453095216,
      "median_return": 3.53037573335736,
      "std_return": 15.17407545723602,
      "mean_final": 104.3876784530952,
      "median_final": 103.53037573335736
    },
    "90d": {
      "percentiles": {
        "1": 62.262941477719096,
        "5": 73.38925918705162,
        "10": 80.59586038204746,
        "25": 93.33767314963134,
        "50": 110.39954979201833,
        "75": 130.4332897947304,
        "90": 150.98595561131344,
        "95": 165.09322331440157,
        "99": 192.82508761540245
      },
      "return_percentiles": {
        "1": -37.737058522280904,
        "5": -26.610740812948382,
        "10": -19.404139617952538,
        "25": -6.6623268503686575,
        "50": 10.399549792018334,
        "75": 30.433289794730406,
        "90": 50.98595561131345,
        "95": 65.09322331440156,
        "99": 92.82508761540245
      },
      "max_dd_percentiles": {
        "1": -44.42515863831024,
        "5": -36.52321018729228,
        "10": -32.241346324660356,
        "25": -25.820557279110837,
        "50": -19.65395513440916,
        "75": -14.883653498140585,
        "90": -11.648542535807882,
        "95": -10.214626145519802,
        "99": -8.041920242798803
      },
      "prob_profit": 65.68,
      "risk_of_ruin": 0.03,
      "var_95": 73.38925918705162,
      "cvar_95": 66.6386362677709,
      "mean_return": 13.60900043206521,
      "median_return": 10.399549792018334,
      "std_return": 28.150941400352128,
      "mean_final": 113.60900043206522,
      "median_final": 110.39954979201833
    },
    "1y": {
      "percentiles": {
        "1": 50.704010031828865,
        "5": 67.07227939441673,
        "10": 78.60129982069772,
        "25": 100.37521932253259,
        "50": 131.7998525953018,
        "75": 174.52033397129486,
        "90": 225.1207405090328,
        "95": 259.9005218516474,
        "99": 342.4261889131223
      },
      "return_percentiles": {
        "1": -49.295989968171135,
        "5": -32.927720605583275,
        "10": -21.39870017930228,
        "25": 0.3752193225325833,
        "50": 31.7998525953018,
        "75": 74.52033397129486,
        "90": 125.12074050903283,
        "95": 159.9005218516474,
        "99": 242.42618891312233
      },
      "max_dd_percentiles": {
        "1": -59.99611502976866,
        "5": -50.800838615976524,
        "10": -45.41322721788855,
        "25": -37.316067288349565,
        "50": -29.47024609245225,
        "75": -23.548879797623552,
        "90": -19.45764526893676,
        "95": -17.414044514825378,
        "99": -14.161183217180074
      },
      "prob_profit": 75.22,
      "risk_of_ruin": 0.96,
      "var_95": 67.07227939441673,
      "cvar_95": 57.06055912822873,
      "mean_return": 44.01757567705888,
      "median_return": 31.7998525953018,
      "std_return": 61.90406926546645,
      "mean_final": 144.0175756770589,
      "median_final": 131.7998525953018
    }
  },
  "btc": {
    "percentiles": {
      "1": 13.698946534030538,
      "5": 21.471470576882908,
      "10": 27.53775314590918,
      "25": 41.44097668394586,
      "50": 64.1235920503629,
      "75": 98.77350830040638,
      "90": 144.66104220055624,
      "95": 183.62059047811886,
      "99": 282.6635253348542
    },
    "return_percentiles": {
      "1": -72.60210693193892,
      "5": -57.057058846234185,
      "10": -44.92449370818164,
      "25": -17.11804663210828,
      "50": 28.247184100725818,
      "75": 97.54701660081275,
      "90": 189.3220844011125,
      "95": 267.2411809562377,
      "99": 465.3270506697085
    },
    "max_dd_percentiles": {
      "1": -79.90166332373583,
      "5": -71.31703946935272,
      "10": -66.16581462237116,
      "25": -56.289442252517965,
      "50": -45.715986870372326,
      "75": -36.89637984097728,
      "90": -30.834085422849736,
      "95": -27.683166604390543,
      "99": -22.590278686742188
    },
    "prob_profit": 64.92999999999999,
    "risk_of_ruin": 7.82,
    "var_95": 21.471470576882908,
    "cvar_95": 16.758786030027025,
    "mean_return": 56.23224176577623,
    "median_return": 28.247184100725818,
    "std_return": 109.26614506376954,
    "mean_final": 78.11612088288811,
    "median_final": 64.1235920503629
  },
  "weather": {
    "percentiles": {
      "1": 27.48293083564515,
      "5": 34.638532742712705,
      "10": 39.590876116751204,
      "25": 49.057438684932116,
      "50": 61.79667284798282,
      "75": 78.67991791567869,
      "90": 96.71328108196816,
      "95": 110.14910968407592,
      "99": 139.19012261459983
    },
    "return_percentiles": {
      "1": -45.0341383287097,
      "5": -30.72293451457459,
      "10": -20.818247766497585,
      "25": -1.8851226301357684,
      "50": 23.593345695965645,
      "75": 57.35983583135739,
      "90": 93.42656216393632,
      "95": 120.29821936815182,
      "99": 178.3802452291997
    },
    "max_dd_percentiles": {
      "1": -54.75867393210189,
      "5": -46.10759972041201,
      "10": -40.99531123880539,
      "25": -33.41461074824342,
      "50": -26.216413548329623,
      "75": -20.575448560113802,
      "90": -16.978217057860554,
      "95": -15.090621737256456,
      "99": -12.4607044475339
    },
    "prob_profit": 73.21,
    "risk_of_ruin": 0.45999999999999996,
    "var_95": 34.638532742712705,
    "cvar_95": 30.223731838455183,
    "mean_return": 31.74333177471552,
    "median_return": 23.593345695965645,
    "std_return": 47.62701676977485,
    "mean_final": 65.87166588735776,
    "median_final": 61.79667284798282
  }
}