{
  "<7_days": {
    "total_dips": 358,
    "markets_with_dips": 84,
    "markets_analyzed": 400,
    "avg_return": 113.18998392271865,
    "median_return": 66.41025641025641,
    "p25_return": 18.446601941747566,
    "p75_return": 134.0,
    "avg_recovery_days": 0.05369626784605835,
    "median_recovery_days": 0.0415625,
    "avg_irr": 1000000,
    "median_irr": 1000000.0,
    "p25_irr": 1000000,
    "p75_irr": 1000000,
    "avg_dip_size": 42.41809553211614,
    "dip_frequency": 4.261904761904762
  },
  "7-30_days": {
    "total_dips": 2720,
    "markets_with_dips": 296,
    "markets_analyzed": 400,
    "avg_return": 97.2784100253315,
    "median_return": 42.85714285714285,
    "p25_return": 16.666666666666664,
    "p75_return": 95.16129032258064,
    "avg_recovery_days": 0.06332223583877995,
    "median_recovery_days": 0.05554976851851852,
    "avg_irr": 1000000,
    "median_irr": 1000000.0,
    "p25_irr": 1000000,
    "p75_irr": 1000000,
    "avg_dip_size": 28.502670623840284,
    "dip_frequency": 9.18918918918919
  },
  "30-90_days": {
    "total_dips": 14852,
    "markets_with_dips": 293,
    "markets_analyzed": 319,
    "avg_return": 65.83206778839615,
    "median_return": 30.0,
    "p25_return": 15.172413793103463,
    "p75_return": 61.11111111111111,
    "avg_recovery_days": 0.0687495667125515,
    "median_recovery_days": 0.0625,
    "avg_irr": 1000000,
    "median_irr": 1000000.0,
    "p25_irr": 1000000,
    "p75_irr": 1000000,
    "avg_dip_size": 22.184700055950984,
    "dip_frequency": 50.689419795221845
  },
  ">90_days": {
    "total_dips": 6195,
    "markets_with_dips": 144,
    "markets_analyzed": 158,
    "avg_return": 161.84549450176036,
    "median_return": 39.285714285714285,
    "p25_return": 16.666666666666664,
    "p75_return": 100.0,
    "avg_recovery_days": 0.07086252167219681,
    "median_recovery_days": 0.06939814814814815,
    "avg_irr": 1000000,
    "median_irr": 1000000,
    "p25_irr": 1000000,
    "p75_irr": 1000000,
    "avg_dip_size": 26.63000104977089,
    "dip_frequency": 43.020833333333336
  }
}