{
  "simulation": {
    "period": "Feb 2024 - Feb 2026",
    "initial_capital": 100.0,
    "final_capital": -390.8748988371219,
    "total_return_pct": -490.87489883712186,
    "max_drawdown_pct": 485.67638358253504,
    "total_trades": 500,
    "win_rate": 24.731182795698924,
    "position_size": 2.0
  },
  "strategies": {
    "Buy the Dip": {
      "trades": 465,
      "wins": 115,
      "pnl": -492.11544672831764
    },
    "Near-Certainty": {
      "trades": 30,
      "wins": 15,
      "pnl": -3.860620576968206
    },
    "Hype Fade": {
      "trades": 5,
      "wins": 5,
      "pnl": 5.101168468164119
    }
  },
  "monthly_pnl": {
    "2024-01": -51.402895970874084,
    "2024-02": -89.53009127373896,
    "2024-03": -88.08278026121984,
    "2024-04": -64.95526503123668,
    "2024-05": -140.59694906483975,
    "2024-06": -56.30691723521274
  }
}