{
  "simulation": {
    "period": "Feb 2024 - Feb 2026",
    "initial_capital": 100.0,
    "final_capital": 866.9540590356962,
    "total_return_pct": 766.9540590356962,
    "max_drawdown_pct": 0,
    "total_trades": 627,
    "win_rate": 100.0,
    "position_size": 2.0
  },
  "strategies": {
    "Near-Certainty": {
      "trades": 47,
      "wins": 47,
      "pnl": 33.44808351629663
    },
    "Hype Fade": {
      "trades": 550,
      "wins": 550,
      "pnl": 690.6110263727139
    },
    "Information Edge": {
      "trades": 30,
      "wins": 30,
      "pnl": 42.89494914668602
    }
  },
  "monthly_pnl": {
    "2024-02": 19.33099391710841,
    "2024-03": 4.986024515990762,
    "2024-04": 8.930808396276921,
    "2024-05": 8.814634366873502,
    "2024-06": 3.4314726274934153,
    "2024-07": 11.85149458852804,
    "2024-08": 31.91131431459023,
    "2024-09": 10.972765890071601,
    "2024-10": 34.152270153083556,
    "2024-11": 26.06068901105854,
    "2024-12": 54.52205375628139,
    "2025-01": 50.30157796280975,
    "2025-02": 100.57873510615711,
    "2025-03": 47.2453147595531,
    "2025-04": 44.82859599412448,
    "2025-05": 63.91165947452527,
    "2025-06": 88.22205524840723,
    "2025-07": 23.423705800023377,
    "2025-08": 26.209441656471448,
    "2025-09": 37.037846623459856,
    "2025-10": 6.973410403334351,
    "2025-11": 3.9363450595274867,
    "2025-12": 55.593040957091645,
    "2026-01": 3.7278084528552196
  }
}